{"cameraMode":{"drawMode":0,"name":"Shaded","section":"Shading Mode"},"sceneLighting":false,"audioPlay":false,"sceneViewState":{"m_AlwaysRefresh":true,"showFog":true,"showSkybox":false,"showFlares":true,"showImageEffects":true,"showParticleSystems":true,"showVisualEffectGraphs":true,"m_FxEnabled":true},"in2DMode":false,"pivot":{"x":1.1920928955078126e-7,"y":1.739671230316162,"z":0.017935335636138917},"rotation":{"x":-0.10478977113962174,"y":0.8949761390686035,"z":-0.2952058017253876,"w":-0.3176939785480499},"size":2.4176254272460939,"orthographic":false}